step,round,primary_run,rollout/dynamic_filter/drop_shopsim_unscored_technical_group,rollout/dynamic_filter/drop_shopsim_zero_std_group,rollout/shopsim/trajectory_count,rollout/shopsim/group_count,rollout/shopsim/scored_rate,rollout/shopsim/reward_mean,rollout/shopsim/strict_reward_mean,rollout/shopsim/success_rate,rollout/shopsim/skill_free_group_rate,rollout/shopsim/assisted_empty_group_rate,rollout/shopsim/skills_per_assisted_group_mean,rollout/shopsim/chunk/chunk-27a7e5bb9344/inclusion_rate,rollout/shopsim/chunk/chunk-27a7e5bb9344/target_rho,rollout/shopsim/chunk/chunk-a9e98e128a35/inclusion_rate,rollout/shopsim/chunk/chunk-a9e98e128a35/target_rho,rollout/shopsim/chunk/chunk-a71a5634ee99/inclusion_rate,rollout/shopsim/chunk/chunk-a71a5634ee99/target_rho,rollout/shopsim/chunk/chunk-4d958fc1d69e/inclusion_rate,rollout/shopsim/chunk/chunk-4d958fc1d69e/target_rho,rollout/shopsim/chunk/chunk-bbe6cb9408eb/inclusion_rate,rollout/shopsim/chunk/chunk-bbe6cb9408eb/target_rho,rollout/shopsim/chunk/chunk-d3a9ac5af7ef/inclusion_rate,rollout/shopsim/chunk/chunk-d3a9ac5af7ef/target_rho,rollout/shopsim/chunk/chunk-b64b0567ce98/inclusion_rate,rollout/shopsim/chunk/chunk-b64b0567ce98/target_rho,rollout/shopsim/chunk/chunk-f58e352cdad0/inclusion_rate,rollout/shopsim/chunk/chunk-f58e352cdad0/target_rho,rollout/shopsim/chunk/chunk-c83ed5ae8b70/inclusion_rate,rollout/shopsim/chunk/chunk-c83ed5ae8b70/target_rho,rollout/shopsim/chunk/chunk-1f8d27322e9f/inclusion_rate,rollout/shopsim/chunk/chunk-1f8d27322e9f/target_rho,rollout/shopsim/q,rollout/shopsim/rho_min,rollout/shopsim/rho_mean,rollout/shopsim/rho_max,rollout/shopsim/all_wrong_group_rate,rollout/shopsim/full_skill_retry_rate,rollout/shopsim/full_skill_retry_success_rate,rollout/shopsim/internalization_deficit_rate,rollout/shopsim/pending_analysis_rate,rollout/shopsim/runtime_error_group_rate,rollout/shopsim/train_group_count,rollout/shopsim/train_trajectory_count,rollout/shopsim/technical_group_drop_count,rollout/shopsim/technical_group_drop_rate,rollout/shopsim/zero_std_group_drop_count,rollout/shopsim/zero_std_group_drop_rate,rollout/shopsim/chunk/online-8e3e179b9270814a/inclusion_rate,rollout/shopsim/chunk/online-8e3e179b9270814a/target_rho,rollout/shopsim/chunk/online-bbef274e1764d953/inclusion_rate,rollout/shopsim/chunk/online-bbef274e1764d953/target_rho,rollout/shopsim/chunk/online-214dfd1028dc4157/inclusion_rate,rollout/shopsim/chunk/online-214dfd1028dc4157/target_rho,rollout/shopsim/chunk/online-3297dc4c0f4f6109/inclusion_rate,rollout/shopsim/chunk/online-3297dc4c0f4f6109/target_rho,rollout/shopsim/chunk/online-3d2cdd6a2aac9717/inclusion_rate,rollout/shopsim/chunk/online-3d2cdd6a2aac9717/target_rho,rollout/shopsim/chunk/online-ea5dd903b14ec0fc/inclusion_rate,rollout/shopsim/chunk/online-ea5dd903b14ec0fc/target_rho,rollout/shopsim/chunk/online-ebb64d6b2cfaaa2a/inclusion_rate,rollout/shopsim/chunk/online-ebb64d6b2cfaaa2a/target_rho
1,0,1,4,12,256.0,32.0,0.96484375,0.5843454790823213,0.5843454790823213,0.562753036437247,0.1875,0.0,4.538461538461538,0.5,0.4733805357216591,0.23076923076923078,0.2001840055744324,0.11538461538461539,0.2002050350677727,0.38461538461538464,0.26310000301127795,0.3076923076923077,0.49059913361494567,0.46153846153846156,0.5174498242544147,0.23076923076923078,0.38162078131953847,0.9615384615384616,0.8999999999999999,0.5384615384615384,0.48411009292619,0.8076923076923077,0.5796673375052258,0.2,0.2001840055744324,0.44903167489954565,0.8999999999999999,0.10714285714285714,0.09375,0.0,0.0,0.09375,0.125,16.0,128.0,4.0,0.2,12.0,0.42857142857142855,,,,,,,,,,,,,,
2,0,1,,16,256.0,32.0,1.0,0.5230034722222222,0.5230034722222222,0.515625,0.25,0.0,4.791666666666667,0.5,0.4733805357216591,0.20833333333333334,0.2001840055744324,0.16666666666666666,0.2002050350677727,0.3333333333333333,0.26310000301127795,0.5416666666666666,0.49059913361494567,0.5833333333333334,0.5174498242544147,0.4166666666666667,0.38162078131953847,0.9166666666666666,0.8999999999999999,0.4583333333333333,0.48411009292619,0.6666666666666666,0.5796673375052258,0.2,0.2001840055744324,0.44903167489954565,0.8999999999999999,0.25,0.25,0.25,0.0625,0.1875,0.0,16.0,128.0,,,16.0,0.5,,,,,,,,,,,,,,
3,0,1,,16,256.0,32.0,1.0,0.5738932291666666,0.5738932291666666,0.5625,0.15625,0.0,4.888888888888889,0.48148148148148145,0.4733805357216591,0.25925925925925924,0.2001840055744324,0.2962962962962963,0.2002050350677727,0.25925925925925924,0.26310000301127795,0.48148148148148145,0.49059913361494567,0.6296296296296297,0.5174498242544147,0.48148148148148145,0.38162078131953847,1.0,0.8999999999999999,0.48148148148148145,0.48411009292619,0.5185185185185185,0.5796673375052258,0.2,0.2001840055744324,0.44903167489954565,0.8999999999999999,0.1875,0.1875,0.16666666666666666,0.03125,0.15625,0.0,16.0,128.0,,,16.0,0.5,,,,,,,,,,,,,,
4,0,1,,16,256.0,32.0,1.0,0.5943080357142857,0.5943080357142857,0.58984375,0.25,0.0,4.333333333333333,0.5833333333333334,0.4733805357216591,0.16666666666666666,0.2001840055744324,0.16666666666666666,0.2002050350677727,0.16666666666666666,0.26310000301127795,0.375,0.49059913361494567,0.7083333333333334,0.5174498242544147,0.3333333333333333,0.38162078131953847,0.8333333333333334,0.8999999999999999,0.375,0.48411009292619,0.625,0.5796673375052258,0.2,0.2001840055744324,0.44903167489954565,0.8999999999999999,0.28125,0.28125,0.2222222222222222,0.0625,0.21875,0.0,16.0,128.0,,,16.0,0.5,,,,,,,,,,,,,,
5,0,1,,16,256.0,32.0,1.0,0.4833984375,0.4833984375,0.46875,0.15625,0.0,4.518518518518518,0.37037037037037035,0.4733805357216591,0.18518518518518517,0.2001840055744324,0.07407407407407407,0.2002050350677727,0.2962962962962963,0.26310000301127795,0.5185185185185185,0.49059913361494567,0.4444444444444444,0.5174498242544147,0.48148148148148145,0.38162078131953847,0.9629629629629629,0.8999999999999999,0.5925925925925926,0.48411009292619,0.5925925925925926,0.5796673375052258,0.2,0.2001840055744324,0.44903167489954565,0.8999999999999999,0.3125,0.3125,0.2,0.0625,0.25,0.0,16.0,128.0,,,16.0,0.5,,,,,,,,,,,,,,
6,0,1,,5,168.0,21.0,1.0,0.7318948412698413,0.7318948412698413,0.7261904761904762,0.14285714285714285,0.0,4.5,0.2777777777777778,0.4733805357216591,0.2777777777777778,0.2001840055744324,0.1111111111111111,0.2002050350677727,0.3333333333333333,0.26310000301127795,0.6666666666666666,0.49059913361494567,0.7222222222222222,0.5174498242544147,0.16666666666666666,0.38162078131953847,0.8888888888888888,0.8999999999999999,0.4444444444444444,0.48411009292619,0.6111111111111112,0.5796673375052258,0.2,0.2001840055744324,0.44903167489954565,0.8999999999999999,0.0,0.0,,0.0,0.0,0.0,16.0,128.0,,,5.0,0.23809523809523808,,,,,,,,,,,,,,
7,0,1,,14,240.0,30.0,1.0,0.7708333333333334,0.7708333333333334,0.7666666666666667,0.23333333333333334,0.0,4.782608695652174,0.391304347826087,0.4733805357216591,0.30434782608695654,0.2001840055744324,0.391304347826087,0.2002050350677727,0.2608695652173913,0.26310000301127795,0.4782608695652174,0.49059913361494567,0.4782608695652174,0.5174498242544147,0.30434782608695654,0.38162078131953847,1.0,0.8999999999999999,0.43478260869565216,0.48411009292619,0.7391304347826086,0.5796673375052258,0.2,0.2001840055744324,0.44903167489954565,0.8999999999999999,0.06666666666666667,0.06666666666666667,0.0,0.0,0.06666666666666667,0.0,16.0,128.0,,,14.0,0.4666666666666667,,,,,,,,,,,,,,
8,0,1,,16,256.0,32.0,1.0,0.57421875,0.57421875,0.57421875,0.15625,0.0,4.444444444444445,0.37037037037037035,0.4733805357216591,0.1111111111111111,0.2001840055744324,0.2962962962962963,0.2002050350677727,0.37037037037037035,0.26310000301127795,0.4074074074074074,0.49059913361494567,0.5185185185185185,0.5174498242544147,0.2222222222222222,0.38162078131953847,0.9259259259259259,0.8999999999999999,0.6666666666666666,0.48411009292619,0.5555555555555556,0.5796673375052258,0.2,0.2001840055744324,0.44903167489954565,0.8999999999999999,0.15625,0.15625,0.0,0.0,0.15625,0.0,16.0,128.0,,,16.0,0.5,,,,,,,,,,,,,,
9,0,1,,15,248.0,31.0,1.0,0.6127016129032258,0.6127016129032258,0.6088709677419355,0.16129032258064516,0.0,4.769230769230769,0.5,0.4733805357216591,0.38461538461538464,0.2001840055744324,0.34615384615384615,0.2002050350677727,0.23076923076923078,0.26310000301127795,0.6923076923076923,0.49059913361494567,0.5384615384615384,0.5174498242544147,0.19230769230769232,0.38162078131953847,0.9615384615384616,0.8999999999999999,0.34615384615384615,0.48411009292619,0.5769230769230769,0.5796673375052258,0.2,0.2001840055744324,0.44903167489954565,0.8999999999999999,0.16129032258064516,0.16129032258064516,0.0,0.0,0.16129032258064516,0.0,16.0,128.0,,,15.0,0.4838709677419355,,,,,,,,,,,,,,
10,0,1,,16,256.0,32.0,1.0,0.6733668154761905,0.6733668154761905,0.6328125,0.1875,0.0,4.884615384615385,0.34615384615384615,0.4733805357216591,0.23076923076923078,0.2001840055744324,0.23076923076923078,0.2002050350677727,0.2692307692307692,0.26310000301127795,0.6153846153846154,0.49059913361494567,0.6153846153846154,0.5174498242544147,0.5,0.38162078131953847,0.9615384615384616,0.8999999999999999,0.5769230769230769,0.48411009292619,0.5384615384615384,0.5796673375052258,0.2,0.2001840055744324,0.44903167489954565,0.8999999999999999,0.1875,0.1875,0.0,0.0,0.1875,0.0,16.0,128.0,,,16.0,0.5,,,,,,,,,,,,,,
11,0,1,,13,232.0,29.0,1.0,0.6905659893267652,0.6905659893267652,0.6594827586206896,0.27586206896551724,0.0,4.190476190476191,0.47619047619047616,0.4733805357216591,0.14285714285714285,0.2001840055744324,0.14285714285714285,0.2002050350677727,0.23809523809523808,0.26310000301127795,0.42857142857142855,0.49059913361494567,0.5714285714285714,0.5174498242544147,0.38095238095238093,0.38162078131953847,0.9523809523809523,0.8999999999999999,0.38095238095238093,0.48411009292619,0.47619047619047616,0.5796673375052258,0.2,0.2001840055744324,0.44903167489954565,0.8999999999999999,0.13793103448275862,0.13793103448275862,0.25,0.034482758620689655,0.10344827586206896,0.0,16.0,128.0,,,13.0,0.4482758620689655,,,,,,,,,,,,,,
12,0,1,,16,256.0,32.0,1.0,0.68505859375,0.68505859375,0.66796875,0.25,0.0,4.833333333333333,0.5,0.4733805357216591,0.125,0.2001840055744324,0.25,0.2002050350677727,0.4583333333333333,0.26310000301127795,0.5416666666666666,0.49059913361494567,0.75,0.5174498242544147,0.4166666666666667,0.38162078131953847,0.875,0.8999999999999999,0.375,0.48411009292619,0.5416666666666666,0.5796673375052258,0.2,0.2001840055744324,0.44903167489954565,0.8999999999999999,0.15625,0.15625,0.2,0.03125,0.125,0.0,16.0,128.0,,,16.0,0.5,,,,,,,,,,,,,,
13,0,1,,16,256.0,32.0,1.0,0.75,0.75,0.734375,0.125,0.0,4.392857142857143,0.5357142857142857,0.4733805357216591,0.10714285714285714,0.2001840055744324,0.10714285714285714,0.2002050350677727,0.25,0.26310000301127795,0.35714285714285715,0.49059913361494567,0.5357142857142857,0.5174498242544147,0.5,0.38162078131953847,0.8571428571428571,0.8999999999999999,0.42857142857142855,0.48411009292619,0.7142857142857143,0.5796673375052258,0.2,0.2001840055744324,0.44903167489954565,0.8999999999999999,0.15625,0.15625,0.0,0.0,0.15625,0.0,16.0,128.0,,,16.0,0.5,,,,,,,,,,,,,,
14,0,1,,16,256.0,32.0,1.0,0.6458333333333334,0.6458333333333334,0.6171875,0.21875,0.0,4.2,0.36,0.4733805357216591,0.2,0.2001840055744324,0.04,0.2002050350677727,0.16,0.26310000301127795,0.36,0.49059913361494567,0.52,0.5174498242544147,0.48,0.38162078131953847,0.92,0.8999999999999999,0.48,0.48411009292619,0.68,0.5796673375052258,0.2,0.2001840055744324,0.44903167489954565,0.8999999999999999,0.15625,0.15625,0.0,0.0,0.15625,0.0,16.0,128.0,,,16.0,0.5,,,,,,,,,,,,,,
15,0,1,,13,232.0,29.0,1.0,0.684985632183908,0.684985632183908,0.6724137931034483,0.1724137931034483,0.0,4.666666666666667,0.5,0.4733805357216591,0.125,0.2001840055744324,0.16666666666666666,0.2002050350677727,0.20833333333333334,0.26310000301127795,0.4583333333333333,0.49059913361494567,0.5833333333333334,0.5174498242544147,0.375,0.38162078131953847,0.9166666666666666,0.8999999999999999,0.6666666666666666,0.48411009292619,0.6666666666666666,0.5796673375052258,0.2,0.2001840055744324,0.44903167489954565,0.8999999999999999,0.06896551724137931,0.06896551724137931,0.0,0.0,0.06896551724137931,0.0,16.0,128.0,,,13.0,0.4482758620689655,,,,,,,,,,,,,,
16,0,1,,16,256.0,32.0,1.0,0.7890625,0.7890625,0.7890625,0.21875,0.0,4.8,0.52,0.4733805357216591,0.2,0.2001840055744324,0.32,0.2002050350677727,0.24,0.26310000301127795,0.6,0.49059913361494567,0.32,0.5174498242544147,0.44,0.38162078131953847,0.96,0.8999999999999999,0.52,0.48411009292619,0.68,0.5796673375052258,0.2,0.2001840055744324,0.44903167489954565,0.8999999999999999,0.03125,0.03125,0.0,0.0,0.03125,0.0,16.0,128.0,,,16.0,0.5,,,,,,,,,,,,,,
17,0,1,,15,248.0,31.0,1.0,0.7872983870967742,0.7872983870967742,0.782258064516129,0.1935483870967742,0.0,4.56,0.32,0.4733805357216591,0.16,0.2001840055744324,0.2,0.2002050350677727,0.32,0.26310000301127795,0.36,0.49059913361494567,0.64,0.5174498242544147,0.4,0.38162078131953847,0.92,0.8999999999999999,0.52,0.48411009292619,0.72,0.5796673375052258,0.2,0.2001840055744324,0.44903167489954565,0.8999999999999999,0.06451612903225806,0.06451612903225806,0.0,0.0,0.06451612903225806,0.0,16.0,128.0,,,15.0,0.4838709677419355,,,,,,,,,,,,,,
18,0,1,,16,256.0,32.0,1.0,0.5879603794642857,0.5879603794642857,0.57421875,0.125,0.0,4.714285714285714,0.5357142857142857,0.4733805357216591,0.35714285714285715,0.2001840055744324,0.17857142857142858,0.2002050350677727,0.2857142857142857,0.26310000301127795,0.42857142857142855,0.49059913361494567,0.42857142857142855,0.5174498242544147,0.25,0.38162078131953847,0.8571428571428571,0.8999999999999999,0.6428571428571429,0.48411009292619,0.75,0.5796673375052258,0.2,0.2001840055744324,0.44903167489954565,0.8999999999999999,0.34375,0.34375,0.0,0.0,0.34375,0.0,16.0,128.0,,,16.0,0.5,,,,,,,,,,,,,,
19,0,1,,16,256.0,32.0,1.0,0.8119436553030303,0.8119436553030303,0.8046875,0.25,0.0,4.166666666666667,0.5416666666666666,0.4733805357216591,0.16666666666666666,0.2001840055744324,0.08333333333333333,0.2002050350677727,0.25,0.26310000301127795,0.5,0.49059913361494567,0.5416666666666666,0.5174498242544147,0.20833333333333334,0.38162078131953847,0.9166666666666666,0.8999999999999999,0.4166666666666667,0.48411009292619,0.5416666666666666,0.5796673375052258,0.2,0.2001840055744324,0.44903167489954565,0.8999999999999999,0.09375,0.09375,0.0,0.0,0.09375,0.0,16.0,128.0,,,16.0,0.5,,,,,,,,,,,,,,
20,0,1,,16,256.0,32.0,1.0,0.72607421875,0.72607421875,0.71875,0.1875,0.0,4.346153846153846,0.5,0.4733805357216591,0.23076923076923078,0.2001840055744324,0.11538461538461539,0.2002050350677727,0.23076923076923078,0.26310000301127795,0.6153846153846154,0.49059913361494567,0.46153846153846156,0.5174498242544147,0.4230769230769231,0.38162078131953847,0.8461538461538461,0.8999999999999999,0.3076923076923077,0.48411009292619,0.6153846153846154,0.5796673375052258,0.2,0.2001840055744324,0.44903167489954565,0.8999999999999999,0.125,0.125,0.0,0.0,0.125,0.0,16.0,128.0,,,16.0,0.5,,,,,,,,,,,,,,
21,1,1,,16,256.0,32.0,1.0,0.8606770833333334,0.8606770833333334,0.85546875,0.0625,0.0,4.166666666666667,0.5333333333333333,0.4558757756140158,0.43333333333333335,0.3445315989317448,,,,,0.6666666666666666,0.589599778982441,,,,,,,0.5666666666666667,0.5449789167055454,0.6333333333333333,0.6423226971958329,0.2,0.3445315989317448,0.570903625792697,0.8999999999999999,0.03125,0.03125,0.0,0.0,0.03125,0.0,16.0,128.0,,,16.0,0.5,0.4666666666666667,0.5190166131192998,0.8666666666666667,0.8999999999999999,,,,,,,,,,
22,1,1,,16,256.0,32.0,1.0,0.7371651785714286,0.7371651785714286,0.72265625,0.21875,0.0,3.8,0.52,0.4558757756140158,0.2,0.3445315989317448,,,,,0.56,0.589599778982441,,,,,,,0.52,0.5449789167055454,0.64,0.6423226971958329,0.2,0.3445315989317448,0.570903625792697,0.8999999999999999,0.0625,0.0625,0.5,0.03125,0.03125,0.0,16.0,128.0,,,16.0,0.5,0.48,0.5190166131192998,0.88,0.8999999999999999,,,,,,,,,,
23,1,1,,16,256.0,32.0,1.0,0.7799479166666666,0.7799479166666666,0.77734375,0.0625,0.0,4.3,0.6,0.4558757756140158,0.43333333333333335,0.3445315989317448,,,,,0.6,0.589599778982441,,,,,,,0.5333333333333333,0.5449789167055454,0.8,0.6423226971958329,0.2,0.3445315989317448,0.570903625792697,0.8999999999999999,0.15625,0.15625,0.0,0.0,0.15625,0.0,16.0,128.0,,,16.0,0.5,0.36666666666666664,0.5190166131192998,0.9666666666666667,0.8999999999999999,,,,,,,,,,
24,1,1,,16,256.0,32.0,1.0,0.8203125,0.8203125,0.8125,0.125,0.03125,3.607142857142857,0.5,0.4558757756140158,0.32142857142857145,0.3445315989317448,,,,,0.5357142857142857,0.589599778982441,,,,,,,0.5,0.5449789167055454,0.6428571428571429,0.6423226971958329,0.2,0.3445315989317448,0.570903625792697,0.8999999999999999,0.125,0.125,0.0,0.0,0.125,0.0,16.0,128.0,,,16.0,0.5,0.32142857142857145,0.5190166131192998,0.7857142857142857,0.8999999999999999,,,,,,,,,,
25,1,1,,16,256.0,32.0,1.0,0.8268229166666666,0.8268229166666666,0.8203125,0.15625,0.0,3.8518518518518516,0.2962962962962963,0.4558757756140158,0.2222222222222222,0.3445315989317448,,,,,0.7407407407407407,0.589599778982441,,,,,,,0.5555555555555556,0.5449789167055454,0.5555555555555556,0.6423226971958329,0.2,0.3445315989317448,0.570903625792697,0.8999999999999999,0.0625,0.0625,0.0,0.0,0.0625,0.0,16.0,128.0,,,16.0,0.5,0.5925925925925926,0.5190166131192998,0.8888888888888888,0.8999999999999999,,,,,,,,,,
26,1,1,,16,256.0,32.0,1.0,0.8140625,0.8140625,0.8125,0.25,0.0,3.75,0.4166666666666667,0.4558757756140158,0.375,0.3445315989317448,,,,,0.5833333333333334,0.589599778982441,,,,,,,0.5,0.5449789167055454,0.7083333333333334,0.6423226971958329,0.2,0.3445315989317448,0.570903625792697,0.8999999999999999,0.09375,0.09375,0.0,0.0,0.09375,0.0,16.0,128.0,,,16.0,0.5,0.3333333333333333,0.5190166131192998,0.8333333333333334,0.8999999999999999,,,,,,,,,,
27,1,1,,16,256.0,32.0,1.0,0.921875,0.921875,0.921875,0.09375,0.0,4.448275862068965,0.41379310344827586,0.4558757756140158,0.4482758620689655,0.3445315989317448,,,,,0.6551724137931034,0.589599778982441,,,,,,,0.6896551724137931,0.5449789167055454,0.7586206896551724,0.6423226971958329,0.2,0.3445315989317448,0.570903625792697,0.8999999999999999,0.03125,0.03125,0.0,0.0,0.03125,0.0,16.0,128.0,,,16.0,0.5,0.5517241379310345,0.5190166131192998,0.9310344827586207,0.8999999999999999,,,,,,,,,,
28,1,1,,16,256.0,32.0,1.0,0.875,0.875,0.875,0.15625,0.0,4.037037037037037,0.37037037037037035,0.4558757756140158,0.3333333333333333,0.3445315989317448,,,,,0.48148148148148145,0.589599778982441,,,,,,,0.5925925925925926,0.5449789167055454,0.6666666666666666,0.6423226971958329,0.2,0.3445315989317448,0.570903625792697,0.8999999999999999,0.0625,0.0625,0.0,0.0,0.0625,0.0,16.0,128.0,,,16.0,0.5,0.6666666666666666,0.5190166131192998,0.9259259259259259,0.8999999999999999,,,,,,,,,,
29,1,1,,16,256.0,32.0,1.0,0.8390625,0.8390625,0.83203125,0.3125,0.0,3.727272727272727,0.4090909090909091,0.4558757756140158,0.22727272727272727,0.3445315989317448,,,,,0.5454545454545454,0.589599778982441,,,,,,,0.5,0.5449789167055454,0.6818181818181818,0.6423226971958329,0.2,0.3445315989317448,0.570903625792697,0.8999999999999999,0.0625,0.0625,0.0,0.0,0.0625,0.0,16.0,128.0,,,16.0,0.5,0.45454545454545453,0.5190166131192998,0.9090909090909091,0.8999999999999999,,,,,,,,,,
30,1,1,,16,256.0,32.0,1.0,0.8367660984848485,0.8367660984848485,0.83203125,0.28125,0.0,3.9565217391304346,0.6086956521739131,0.4558757756140158,0.13043478260869565,0.3445315989317448,,,,,0.6956521739130435,0.589599778982441,,,,,,,0.43478260869565216,0.5449789167055454,0.7391304347826086,0.6423226971958329,0.2,0.3445315989317448,0.570903625792697,0.8999999999999999,0.03125,0.03125,0.0,0.0,0.03125,0.0,16.0,128.0,,,16.0,0.5,0.391304347826087,0.5190166131192998,0.9565217391304348,0.8999999999999999,,,,,,,,,,
31,1,1,,16,256.0,32.0,1.0,0.6897631448412699,0.6897631448412699,0.66796875,0.21875,0.0,3.88,0.32,0.4558757756140158,0.44,0.3445315989317448,,,,,0.6,0.589599778982441,,,,,,,0.56,0.5449789167055454,0.52,0.6423226971958329,0.2,0.3445315989317448,0.570903625792697,0.8999999999999999,0.25,0.25,0.0,0.0,0.25,0.0,16.0,128.0,,,16.0,0.5,0.6,0.5190166131192998,0.84,0.8999999999999999,,,,,,,,,,
32,1,1,,16,256.0,32.0,1.0,0.8125,0.8125,0.8125,0.34375,0.0,3.857142857142857,0.42857142857142855,0.4558757756140158,0.23809523809523808,0.3445315989317448,,,,,0.5714285714285714,0.589599778982441,,,,,,,0.5714285714285714,0.5449789167055454,0.6190476190476191,0.6423226971958329,0.2,0.3445315989317448,0.570903625792697,0.8999999999999999,0.09375,0.09375,0.0,0.0,0.09375,0.0,16.0,128.0,,,16.0,0.5,0.47619047619047616,0.5190166131192998,0.9523809523809523,0.8999999999999999,,,,,,,,,,
33,1,1,,16,256.0,32.0,1.0,0.8302951388888888,0.8302951388888888,0.828125,0.09375,0.0,4.137931034482759,0.5172413793103449,0.4558757756140158,0.27586206896551724,0.3445315989317448,,,,,0.6551724137931034,0.589599778982441,,,,,,,0.5862068965517241,0.5449789167055454,0.6896551724137931,0.6423226971958329,0.2,0.3445315989317448,0.570903625792697,0.8999999999999999,0.09375,0.09375,0.0,0.0,0.09375,0.0,16.0,128.0,,,16.0,0.5,0.5172413793103449,0.5190166131192998,0.896551724137931,0.8999999999999999,,,,,,,,,,
34,1,1,,16,256.0,32.0,1.0,0.7734375,0.7734375,0.76171875,0.1875,0.0,4.115384615384615,0.5384615384615384,0.4558757756140158,0.34615384615384615,0.3445315989317448,,,,,0.6923076923076923,0.589599778982441,,,,,,,0.4230769230769231,0.5449789167055454,0.8076923076923077,0.6423226971958329,0.2,0.3445315989317448,0.570903625792697,0.8999999999999999,0.125,0.125,0.0,0.0,0.125,0.0,16.0,128.0,,,16.0,0.5,0.38461538461538464,0.5190166131192998,0.9230769230769231,0.8999999999999999,,,,,,,,,,
35,1,1,,16,256.0,32.0,1.0,0.875,0.875,0.875,0.125,0.0,3.8214285714285716,0.5714285714285714,0.4558757756140158,0.2857142857142857,0.3445315989317448,,,,,0.5,0.589599778982441,,,,,,,0.39285714285714285,0.5449789167055454,0.7142857142857143,0.6423226971958329,0.2,0.3445315989317448,0.570903625792697,0.8999999999999999,0.09375,0.09375,0.0,0.0,0.09375,0.0,16.0,128.0,,,16.0,0.5,0.5714285714285714,0.5190166131192998,0.7857142857142857,0.8999999999999999,,,,,,,,,,
36,1,1,,16,256.0,32.0,1.0,0.8919270833333334,0.8919270833333334,0.88671875,0.21875,0.0,3.52,0.28,0.4558757756140158,0.52,0.3445315989317448,,,,,0.48,0.589599778982441,,,,,,,0.28,0.5449789167055454,0.52,0.6423226971958329,0.2,0.3445315989317448,0.570903625792697,0.8999999999999999,0.03125,0.03125,0.0,0.0,0.03125,0.0,16.0,128.0,,,16.0,0.5,0.56,0.5190166131192998,0.88,0.8999999999999999,,,,,,,,,,
37,1,1,,16,256.0,32.0,1.0,0.8015625,0.8015625,0.796875,0.1875,0.0,3.923076923076923,0.46153846153846156,0.4558757756140158,0.34615384615384615,0.3445315989317448,,,,,0.6153846153846154,0.589599778982441,,,,,,,0.5769230769230769,0.5449789167055454,0.5,0.6423226971958329,0.2,0.3445315989317448,0.570903625792697,0.8999999999999999,0.125,0.125,0.0,0.0,0.125,0.0,16.0,128.0,,,16.0,0.5,0.5384615384615384,0.5190166131192998,0.8846153846153846,0.8999999999999999,,,,,,,,,,
38,1,1,,16,256.0,32.0,1.0,0.84375,0.84375,0.828125,0.1875,0.0,3.6923076923076925,0.4230769230769231,0.4558757756140158,0.23076923076923078,0.3445315989317448,,,,,0.7307692307692307,0.589599778982441,,,,,,,0.5,0.5449789167055454,0.5384615384615384,0.6423226971958329,0.2,0.3445315989317448,0.570903625792697,0.8999999999999999,0.09375,0.09375,0.0,0.0,0.09375,0.0,16.0,128.0,,,16.0,0.5,0.4230769230769231,0.5190166131192998,0.8461538461538461,0.8999999999999999,,,,,,,,,,
39,1,1,,16,256.0,32.0,1.0,0.845703125,0.845703125,0.828125,0.125,0.0,3.9642857142857144,0.2857142857142857,0.4558757756140158,0.5,0.3445315989317448,,,,,0.5357142857142857,0.589599778982441,,,,,,,0.6071428571428571,0.5449789167055454,0.6785714285714286,0.6423226971958329,0.2,0.3445315989317448,0.570903625792697,0.8999999999999999,0.09375,0.09375,0.0,0.0,0.09375,0.0,16.0,128.0,,,16.0,0.5,0.4642857142857143,0.5190166131192998,0.8928571428571429,0.8999999999999999,,,,,,,,,,
40,1,1,,16,256.0,32.0,1.0,0.82734375,0.82734375,0.82421875,0.15625,0.0,4.444444444444445,0.48148148148148145,0.4558757756140158,0.4444444444444444,0.3445315989317448,,,,,0.7407407407407407,0.589599778982441,,,,,,,0.48148148148148145,0.5449789167055454,0.7777777777777778,0.6423226971958329,0.2,0.3445315989317448,0.570903625792697,0.8999999999999999,0.0625,0.0625,0.0,0.0,0.0625,0.0,16.0,128.0,,,16.0,0.5,0.6296296296296297,0.5190166131192998,0.8888888888888888,0.8999999999999999,,,,,,,,,,
41,2,1,,16,256.0,32.0,1.0,0.92578125,0.92578125,0.92578125,0.21875,0.0,2.56,,,0.4,0.36213934903190265,,,,,,,,,,,,,0.92,0.8999999999999999,0.24,0.406239919602322,0.2,0.36213934903190265,0.5525465517026048,0.8999999999999999,0.0625,0.0625,0.0,0.0,0.0625,0.0,16.0,128.0,,,16.0,0.5,0.52,0.5112815560620121,0.48,0.5830719338167873,,,,,,,,,,
42,2,1,,16,256.0,32.0,1.0,0.76171875,0.76171875,0.75,0.125,0.03125,2.7142857142857144,,,0.2857142857142857,0.36213934903190265,,,,,,,,,,,,,0.8214285714285714,0.8999999999999999,0.5,0.406239919602322,0.2,0.36213934903190265,0.5525465517026048,0.8999999999999999,0.15625,0.15625,0.0,0.0,0.15625,0.0,16.0,128.0,,,16.0,0.5,0.5,0.5112815560620121,0.6071428571428571,0.5830719338167873,,,,,,,,,,
43,2,1,,16,256.0,32.0,1.0,0.8296875,0.8296875,0.8203125,0.21875,0.0,2.88,,,0.24,0.36213934903190265,,,,,,,,,,,,,0.84,0.8999999999999999,0.48,0.406239919602322,0.2,0.36213934903190265,0.5525465517026048,0.8999999999999999,0.09375,0.09375,0.0,0.0,0.09375,0.0,16.0,128.0,,,16.0,0.5,0.64,0.5112815560620121,0.68,0.5830719338167873,,,,,,,,,,
44,2,1,,16,256.0,32.0,1.0,0.818359375,0.818359375,0.81640625,0.1875,0.03125,2.423076923076923,,,0.34615384615384615,0.36213934903190265,,,,,,,,,,,,,0.8076923076923077,0.8999999999999999,0.38461538461538464,0.406239919602322,0.2,0.36213934903190265,0.5525465517026048,0.8999999999999999,0.0625,0.0625,0.0,0.0,0.0625,0.0,16.0,128.0,,,16.0,0.5,0.23076923076923078,0.5112815560620121,0.6538461538461539,0.5830719338167873,,,,,,,,,,
45,2,1,,16,256.0,32.0,1.0,0.91748046875,0.91748046875,0.90625,0.21875,0.0,3.0,,,0.4,0.36213934903190265,,,,,,,,,,,,,0.92,0.8999999999999999,0.4,0.406239919602322,0.2,0.36213934903190265,0.5525465517026048,0.8999999999999999,0.0625,0.0625,0.0,0.0,0.0625,0.0,16.0,128.0,,,16.0,0.5,0.52,0.5112815560620121,0.76,0.5830719338167873,,,,,,,,,,
46,2,1,,16,256.0,32.0,1.0,0.8232421875,0.8232421875,0.81640625,0.3125,0.0,2.9545454545454546,,,0.4090909090909091,0.36213934903190265,,,,,,,,,,,,,0.9545454545454546,0.8999999999999999,0.36363636363636365,0.406239919602322,0.2,0.36213934903190265,0.5525465517026048,0.8999999999999999,0.09375,0.09375,0.0,0.0,0.09375,0.0,16.0,128.0,,,16.0,0.5,0.5454545454545454,0.5112815560620121,0.6818181818181818,0.5830719338167873,,,,,,,,,,
47,2,1,,16,256.0,32.0,1.0,0.948828125,0.948828125,0.9296875,0.0625,0.0,2.8,,,0.23333333333333334,0.36213934903190265,,,,,,,,,,,,,0.9,0.8999999999999999,0.43333333333333335,0.406239919602322,0.2,0.36213934903190265,0.5525465517026048,0.8999999999999999,0.03125,0.03125,0.0,0.0,0.03125,0.0,16.0,128.0,,,16.0,0.5,0.5,0.5112815560620121,0.7333333333333333,0.5830719338167873,,,,,,,,,,
48,2,1,,16,256.0,32.0,1.0,0.8125,0.8125,0.796875,0.25,0.0,2.9583333333333335,,,0.4166666666666667,0.36213934903190265,,,,,,,,,,,,,0.9166666666666666,0.8999999999999999,0.2916666666666667,0.406239919602322,0.2,0.36213934903190265,0.5525465517026048,0.8999999999999999,0.15625,0.15625,0.0,0.0,0.15625,0.0,16.0,128.0,,,16.0,0.5,0.7083333333333334,0.5112815560620121,0.625,0.5830719338167873,,,,,,,,,,
49,2,1,,16,256.0,32.0,1.0,0.7972005208333334,0.7972005208333334,0.78125,0.25,0.0,2.5833333333333335,,,0.2916666666666667,0.36213934903190265,,,,,,,,,,,,,0.9166666666666666,0.8999999999999999,0.25,0.406239919602322,0.2,0.36213934903190265,0.5525465517026048,0.8999999999999999,0.09375,0.09375,0.0,0.0,0.09375,0.0,16.0,128.0,,,16.0,0.5,0.5,0.5112815560620121,0.625,0.5830719338167873,,,,,,,,,,
50,2,1,,16,256.0,32.0,1.0,0.83203125,0.83203125,0.83203125,0.125,0.0,3.0357142857142856,,,0.32142857142857145,0.36213934903190265,,,,,,,,,,,,,0.9285714285714286,0.8999999999999999,0.5,0.406239919602322,0.2,0.36213934903190265,0.5525465517026048,0.8999999999999999,0.0625,0.0625,0.0,0.0,0.0625,0.0,16.0,128.0,,,16.0,0.5,0.5357142857142857,0.5112815560620121,0.75,0.5830719338167873,,,,,,,,,,
51,2,1,,16,256.0,32.0,1.0,0.8260091145833334,0.8260091145833334,0.8203125,0.15625,0.03125,2.6296296296296298,,,0.4074074074074074,0.36213934903190265,,,,,,,,,,,,,0.7777777777777778,0.8999999999999999,0.2962962962962963,0.406239919602322,0.2,0.36213934903190265,0.5525465517026048,0.8999999999999999,0.0625,0.0625,0.0,0.0,0.0625,0.0,16.0,128.0,,,16.0,0.5,0.6296296296296297,0.5112815560620121,0.5185185185185185,0.5830719338167873,,,,,,,,,,
52,2,1,,16,256.0,32.0,1.0,0.8046875,0.8046875,0.8046875,0.1875,0.0,2.8846153846153846,,,0.38461538461538464,0.36213934903190265,,,,,,,,,,,,,0.9615384615384616,0.8999999999999999,0.5384615384615384,0.406239919602322,0.2,0.36213934903190265,0.5525465517026048,0.8999999999999999,0.09375,0.09375,0.0,0.0,0.09375,0.0,16.0,128.0,,,16.0,0.5,0.5769230769230769,0.5112815560620121,0.4230769230769231,0.5830719338167873,,,,,,,,,,
53,2,1,,16,256.0,32.0,1.0,0.8546781994047619,0.8546781994047619,0.81640625,0.21875,0.0,2.88,,,0.4,0.36213934903190265,,,,,,,,,,,,,0.88,0.8999999999999999,0.6,0.406239919602322,0.2,0.36213934903190265,0.5525465517026048,0.8999999999999999,0.09375,0.09375,0.0,0.0,0.09375,0.0,16.0,128.0,,,16.0,0.5,0.44,0.5112815560620121,0.56,0.5830719338167873,,,,,,,,,,
54,2,1,,16,256.0,32.0,1.0,0.9045758928571429,0.9045758928571429,0.89453125,0.21875,0.0,2.88,,,0.36,0.36213934903190265,,,,,,,,,,,,,0.88,0.8999999999999999,0.4,0.406239919602322,0.2,0.36213934903190265,0.5525465517026048,0.8999999999999999,0.03125,0.03125,0.0,0.0,0.03125,0.0,16.0,128.0,,,16.0,0.5,0.56,0.5112815560620121,0.68,0.5830719338167873,,,,,,,,,,
55,2,1,,16,256.0,32.0,1.0,0.7652698863636364,0.7652698863636364,0.76171875,0.15625,0.0,2.925925925925926,,,0.48148148148148145,0.36213934903190265,,,,,,,,,,,,,0.8888888888888888,0.8999999999999999,0.37037037037037035,0.406239919602322,0.2,0.36213934903190265,0.5525465517026048,0.8999999999999999,0.15625,0.15625,0.2,0.03125,0.125,0.0,16.0,128.0,,,16.0,0.5,0.48148148148148145,0.5112815560620121,0.7037037037037037,0.5830719338167873,,,,,,,,,,
56,2,1,,16,256.0,32.0,1.0,0.8483072916666666,0.8483072916666666,0.84765625,0.28125,0.09375,2.6956521739130435,,,0.2608695652173913,0.36213934903190265,,,,,,,,,,,,,0.8260869565217391,0.8999999999999999,0.5652173913043478,0.406239919602322,0.2,0.36213934903190265,0.5525465517026048,0.8999999999999999,0.0625,0.0625,0.0,0.0,0.0625,0.0,16.0,128.0,,,16.0,0.5,0.5217391304347826,0.5112815560620121,0.5217391304347826,0.5830719338167873,,,,,,,,,,
57,2,1,,16,256.0,32.0,1.0,0.83984375,0.83984375,0.83984375,0.25,0.0,2.75,,,0.5,0.36213934903190265,,,,,,,,,,,,,0.9166666666666666,0.8999999999999999,0.375,0.406239919602322,0.2,0.36213934903190265,0.5525465517026048,0.8999999999999999,0.0625,0.0625,0.0,0.0,0.0625,0.0,16.0,128.0,,,16.0,0.5,0.375,0.5112815560620121,0.5833333333333334,0.5830719338167873,,,,,,,,,,
58,2,1,,16,256.0,32.0,1.0,0.8984375,0.8984375,0.8984375,0.34375,0.03125,3.0476190476190474,,,0.5714285714285714,0.36213934903190265,,,,,,,,,,,,,0.9523809523809523,0.8999999999999999,0.42857142857142855,0.406239919602322,0.2,0.36213934903190265,0.5525465517026048,0.8999999999999999,0.0625,0.0625,0.0,0.0,0.0625,0.0,16.0,128.0,,,16.0,0.5,0.42857142857142855,0.5112815560620121,0.6666666666666666,0.5830719338167873,,,,,,,,,,
59,2,1,,16,256.0,32.0,1.0,0.8683035714285714,0.8683035714285714,0.8671875,0.28125,0.0,2.9130434782608696,,,0.2608695652173913,0.36213934903190265,,,,,,,,,,,,,0.9130434782608695,0.8999999999999999,0.5652173913043478,0.406239919602322,0.2,0.36213934903190265,0.5525465517026048,0.8999999999999999,0.0625,0.0625,0.0,0.0,0.0625,0.0,16.0,128.0,,,16.0,0.5,0.391304347826087,0.5112815560620121,0.782608695652174,0.5830719338167873,,,,,,,,,,
60,2,1,,16,256.0,32.0,1.0,0.8460286458333334,0.8460286458333334,0.796875,0.21875,0.0,2.44,,,0.36,0.36213934903190265,,,,,,,,,,,,,0.88,0.8999999999999999,0.24,0.406239919602322,0.2,0.36213934903190265,0.5525465517026048,0.8999999999999999,0.125,0.125,0.0,0.0,0.125,0.0,16.0,128.0,,,16.0,0.5,0.36,0.5112815560620121,0.6,0.5830719338167873,,,,,,,,,,
61,3,1,,16,256.0,32.0,1.0,0.871875,0.871875,0.87109375,0.15625,0.0,4.185185185185185,,,0.8518518518518519,0.8876413579359135,,,,,,,,,,,,,0.8518518518518519,0.8999999999999999,0.7407407407407407,0.6863229932230063,0.2,0.29279886960426194,0.5663062215285343,0.8999999999999999,0.0625,0.0625,0.0,0.0,0.0625,0.0,16.0,128.0,,,16.0,0.5,0.6296296296296297,0.7037147129653498,,,0.37037037037037035,0.3190629307171016,0.037037037037037035,0.29279886960426194,0.2962962962962963,0.3415999358559877,0.4074074074074074,0.3993089719266536,,
62,3,1,,16,256.0,32.0,1.0,0.8563802083333333,0.8563802083333333,0.8359375,0.28125,0.0,4.565217391304348,,,0.9130434782608695,0.8876413579359135,,,,,,,,,,,,,0.9565217391304348,0.8999999999999999,0.7391304347826086,0.6863229932230063,0.2,0.29279886960426194,0.5663062215285343,0.8999999999999999,0.125,0.125,0.0,0.0,0.125,0.0,16.0,128.0,,,16.0,0.5,0.6086956521739131,0.7037147129653498,,,0.2608695652173913,0.3190629307171016,0.30434782608695654,0.29279886960426194,0.30434782608695654,0.3415999358559877,0.4782608695652174,0.3993089719266536,,
63,3,1,,16,256.0,32.0,1.0,0.8984375,0.8984375,0.87890625,0.125,0.0,4.785714285714286,,,0.9642857142857143,0.8876413579359135,,,,,,,,,,,,,0.9285714285714286,0.8999999999999999,0.6071428571428571,0.6863229932230063,0.2,0.29279886960426194,0.5663062215285343,0.8999999999999999,0.0625,0.0625,0.0,0.0,0.0625,0.0,16.0,128.0,,,16.0,0.5,0.8571428571428571,0.7037147129653498,,,0.35714285714285715,0.3190629307171016,0.39285714285714285,0.29279886960426194,0.42857142857142855,0.3415999358559877,0.25,0.3993089719266536,,
64,3,1,,16,256.0,32.0,1.0,0.8587239583333334,0.8587239583333334,0.8359375,0.25,0.0,4.375,,,0.9166666666666666,0.8876413579359135,,,,,,,,,,,,,0.7916666666666666,0.8999999999999999,0.75,0.6863229932230063,0.2,0.29279886960426194,0.5663062215285343,0.8999999999999999,0.03125,0.03125,0.0,0.0,0.03125,0.0,16.0,128.0,,,16.0,0.5,0.8333333333333334,0.7037147129653498,,,0.2916666666666667,0.3190629307171016,0.125,0.29279886960426194,0.20833333333333334,0.3415999358559877,0.4583333333333333,0.3993089719266536,,
65,3,1,,16,256.0,32.0,1.0,0.83984375,0.83984375,0.83984375,0.1875,0.0,4.230769230769231,,,0.8461538461538461,0.8876413579359135,,,,,,,,,,,,,0.8846153846153846,0.8999999999999999,0.6153846153846154,0.6863229932230063,0.2,0.29279886960426194,0.5663062215285343,0.8999999999999999,0.125,0.125,0.0,0.0,0.125,0.0,16.0,128.0,,,16.0,0.5,0.7307692307692307,0.7037147129653498,,,0.34615384615384615,0.3190629307171016,0.07692307692307693,0.29279886960426194,0.2692307692307692,0.3415999358559877,0.46153846153846156,0.3993089719266536,,
66,3,1,,16,256.0,32.0,1.0,0.8621651785714286,0.8621651785714286,0.859375,0.1875,0.0,4.0,,,0.8461538461538461,0.8876413579359135,,,,,,,,,,,,,0.8076923076923077,0.8999999999999999,0.6923076923076923,0.6863229932230063,0.2,0.29279886960426194,0.5663062215285343,0.8999999999999999,0.09375,0.09375,0.0,0.0,0.09375,0.0,16.0,128.0,,,16.0,0.5,0.5769230769230769,0.7037147129653498,,,0.38461538461538464,0.3190629307171016,0.15384615384615385,0.29279886960426194,0.11538461538461539,0.3415999358559877,0.4230769230769231,0.3993089719266536,,
67,3,1,,16,256.0,32.0,1.0,0.9033203125,0.9033203125,0.8984375,0.1875,0.03125,4.230769230769231,,,0.9230769230769231,0.8876413579359135,,,,,,,,,,,,,0.7692307692307693,0.8999999999999999,0.6923076923076923,0.6863229932230063,0.2,0.29279886960426194,0.5663062215285343,0.8999999999999999,0.0,0.0,,0.0,0.0,0.0,16.0,128.0,,,16.0,0.5,0.5769230769230769,0.7037147129653498,,,0.38461538461538464,0.3190629307171016,0.5,0.29279886960426194,0.07692307692307693,0.3415999358559877,0.3076923076923077,0.3993089719266536,,
68,3,1,,16,256.0,32.0,1.0,0.822265625,0.822265625,0.81640625,0.21875,0.0,4.56,,,0.92,0.8876413579359135,,,,,,,,,,,,,0.84,0.8999999999999999,0.64,0.6863229932230063,0.2,0.29279886960426194,0.5663062215285343,0.8999999999999999,0.125,0.125,0.0,0.0,0.125,0.0,16.0,128.0,,,16.0,0.5,0.72,0.7037147129653498,,,0.32,0.3190629307171016,0.4,0.29279886960426194,0.36,0.3415999358559877,0.36,0.3993089719266536,,
69,3,1,,16,256.0,32.0,1.0,0.8914620535714286,0.8914620535714286,0.87890625,0.21875,0.0,4.56,,,0.92,0.8876413579359135,,,,,,,,,,,,,0.84,0.8999999999999999,0.8,0.6863229932230063,0.2,0.29279886960426194,0.5663062215285343,0.8999999999999999,0.03125,0.03125,0.0,0.0,0.03125,0.0,16.0,128.0,,,16.0,0.5,0.76,0.7037147129653498,,,0.4,0.3190629307171016,0.32,0.29279886960426194,0.16,0.3415999358559877,0.36,0.3993089719266536,,
70,3,1,,16,256.0,32.0,1.0,0.79296875,0.79296875,0.79296875,0.15625,0.0,4.222222222222222,,,0.8888888888888888,0.8876413579359135,,,,,,,,,,,,,0.9259259259259259,0.8999999999999999,0.7407407407407407,0.6863229932230063,0.2,0.29279886960426194,0.5663062215285343,0.8999999999999999,0.15625,0.15625,0.0,0.0,0.15625,0.0,16.0,128.0,,,16.0,0.5,0.5925925925925926,0.7037147129653498,,,0.25925925925925924,0.3190629307171016,0.14814814814814814,0.29279886960426194,0.25925925925925924,0.3415999358559877,0.4074074074074074,0.3993089719266536,,
71,3,1,,16,256.0,32.0,1.0,0.9296875,0.9296875,0.9296875,0.21875,0.0,4.4,,,0.8,0.8876413579359135,,,,,,,,,,,,,0.76,0.8999999999999999,0.8,0.6863229932230063,0.2,0.29279886960426194,0.5663062215285343,0.8999999999999999,0.03125,0.03125,0.0,0.0,0.03125,0.0,16.0,128.0,,,16.0,0.5,0.56,0.7037147129653498,,,0.44,0.3190629307171016,0.2,0.29279886960426194,0.4,0.3415999358559877,0.44,0.3993089719266536,,
72,3,1,,16,256.0,32.0,1.0,0.78759765625,0.78759765625,0.77734375,0.125,0.0,4.285714285714286,,,0.8928571428571429,0.8876413579359135,,,,,,,,,,,,,0.8928571428571429,0.8999999999999999,0.6428571428571429,0.6863229932230063,0.2,0.29279886960426194,0.5663062215285343,0.8999999999999999,0.0625,0.0625,0.0,0.0,0.0625,0.0,16.0,128.0,,,16.0,0.5,0.8214285714285714,0.7037147129653498,,,0.21428571428571427,0.3190629307171016,0.2857142857142857,0.29279886960426194,0.17857142857142858,0.3415999358559877,0.35714285714285715,0.3993089719266536,,
73,3,1,,16,256.0,32.0,1.0,0.89453125,0.89453125,0.89453125,0.15625,0.0,4.62962962962963,,,0.8518518518518519,0.8876413579359135,,,,,,,,,,,,,0.8888888888888888,0.8999999999999999,0.6666666666666666,0.6863229932230063,0.2,0.29279886960426194,0.5663062215285343,0.8999999999999999,0.09375,0.09375,0.0,0.0,0.09375,0.0,16.0,128.0,,,16.0,0.5,0.6296296296296297,0.7037147129653498,,,0.37037037037037035,0.3190629307171016,0.4444444444444444,0.29279886960426194,0.4074074074074074,0.3415999358559877,0.37037037037037035,0.3993089719266536,,
74,3,1,,16,256.0,32.0,1.0,0.96484375,0.96484375,0.96484375,0.09375,0.0,4.689655172413793,,,0.8620689655172413,0.8876413579359135,,,,,,,,,,,,,0.9310344827586207,0.8999999999999999,0.7241379310344828,0.6863229932230063,0.2,0.29279886960426194,0.5663062215285343,0.8999999999999999,0.0,0.0,,0.0,0.0,0.0,16.0,128.0,,,16.0,0.5,0.6896551724137931,0.7037147129653498,,,0.2413793103448276,0.3190629307171016,0.41379310344827586,0.29279886960426194,0.3793103448275862,0.3415999358559877,0.4482758620689655,0.3993089719266536,,
75,3,1,,16,256.0,32.0,1.0,0.91015625,0.91015625,0.90625,0.21875,0.0,3.88,,,0.76,0.8876413579359135,,,,,,,,,,,,,0.84,0.8999999999999999,0.6,0.6863229932230063,0.2,0.29279886960426194,0.5663062215285343,0.8999999999999999,0.0,0.0,,0.0,0.0,0.0,16.0,128.0,,,16.0,0.5,0.76,0.7037147129653498,,,0.08,0.3190629307171016,0.28,0.29279886960426194,0.32,0.3415999358559877,0.24,0.3993089719266536,,
76,3,1,,16,256.0,32.0,1.0,0.8671875,0.8671875,0.85546875,0.125,0.0,4.5,,,0.9642857142857143,0.8876413579359135,,,,,,,,,,,,,0.8571428571428571,0.8999999999999999,0.6785714285714286,0.6863229932230063,0.2,0.29279886960426194,0.5663062215285343,0.8999999999999999,0.0625,0.0625,0.0,0.0,0.0625,0.0,16.0,128.0,,,16.0,0.5,0.7142857142857143,0.7037147129653498,,,0.32142857142857145,0.3190629307171016,0.35714285714285715,0.29279886960426194,0.2857142857142857,0.3415999358559877,0.32142857142857145,0.3993089719266536,,
77,3,1,,16,256.0,32.0,1.0,0.89453125,0.89453125,0.89453125,0.1875,0.0,4.346153846153846,,,0.8461538461538461,0.8876413579359135,,,,,,,,,,,,,1.0,0.8999999999999999,0.6923076923076923,0.6863229932230063,0.2,0.29279886960426194,0.5663062215285343,0.8999999999999999,0.0625,0.0625,0.0,0.0,0.0625,0.0,16.0,128.0,,,16.0,0.5,0.6153846153846154,0.7037147129653498,,,0.23076923076923078,0.3190629307171016,0.38461538461538464,0.29279886960426194,0.19230769230769232,0.3415999358559877,0.38461538461538464,0.3993089719266536,,
78,3,1,,16,256.0,32.0,1.0,0.9296875,0.9296875,0.9140625,0.21875,0.0,4.76,,,0.76,0.8876413579359135,,,,,,,,,,,,,0.96,0.8999999999999999,0.56,0.6863229932230063,0.2,0.29279886960426194,0.5663062215285343,0.8999999999999999,0.0625,0.0625,0.0,0.0,0.0625,0.0,16.0,128.0,,,16.0,0.5,0.64,0.7037147129653498,,,0.4,0.3190629307171016,0.4,0.29279886960426194,0.52,0.3415999358559877,0.52,0.3993089719266536,,
79,3,1,,16,256.0,32.0,1.0,0.9085286458333334,0.9085286458333334,0.90625,0.21875,0.0,4.44,,,0.92,0.8876413579359135,,,,,,,,,,,,,0.88,0.8999999999999999,0.44,0.6863229932230063,0.2,0.29279886960426194,0.5663062215285343,0.8999999999999999,0.03125,0.03125,0.0,0.0,0.03125,0.0,16.0,128.0,,,16.0,0.5,0.8,0.7037147129653498,,,0.44,0.3190629307171016,0.24,0.29279886960426194,0.44,0.3415999358559877,0.28,0.3993089719266536,,
80,3,1,,16,256.0,32.0,1.0,0.921875,0.921875,0.9140625,0.34375,0.0,4.428571428571429,,,0.9047619047619048,0.8876413579359135,,,,,,,,,,,,,0.8571428571428571,0.8999999999999999,0.7619047619047619,0.6863229932230063,0.2,0.29279886960426194,0.5663062215285343,0.8999999999999999,0.0,0.0,,0.0,0.0,0.0,16.0,128.0,,,16.0,0.5,0.8095238095238095,0.7037147129653498,,,0.2857142857142857,0.3190629307171016,0.38095238095238093,0.29279886960426194,0.14285714285714285,0.3415999358559877,0.2857142857142857,0.3993089719266536,,
